doc_id,doc_type,structure,title,doc_chars,n_chunks,avg_chunk_chars,max_chunk_chars
hana_desc_deposit_002,설명서,article,『청년 주택드림 청약통장』 요약 상품설명서,14150,39,381,895
hana_desc_deposit_004,설명서,flat,『골드·실버바(한국금거래소)』 상품설명서,2199,6,432,486
hana_desc_deposit_005,설명서,flat,『골드바(한국조폐공사)』 상품설명서,2083,5,480,496
hana_desc_deposit_006,설명서,flat,『하나 빌리언달러 통장』 요약 상품설명서,4988,13,457,499
hana_desc_deposit_007,설명서,flat,『하나 보증서담보대출 입금전용계좌』상품설명서,3767,10,448,493
hana_desc_deposit_008,설명서,article,『하나 부가가치세 매입자 납부전용계좌』 요약 상품설명서,7544,23,362,499
hana_desc_deposit_009,설명서,flat,『하나더소호 가맹점 적금』 요약 상품설명서,5309,13,482,499
hana_desc_deposit_010,설명서,clause,『주택청약예금』 요약 상품설명서,4631,13,398,500
hana_desc_deposit_011,설명서,clause,『주택청약부금』 요약 상품설명서,4458,11,445,636
hana_desc_deposit_012,설명서,clause,『주택청약저축』 요약 상품설명서,5488,14,419,497
hana_desc_deposit_013,설명서,clause,『주택청약종합저축』 요약 상품설명서,6822,16,450,527
hana_desc_deposit_015,설명서,flat,『나라사랑 하나통장』 요약 상품설명서,5348,14,456,499
hana_desc_deposit_016,설명서,numbered,『사업자 주거래 우대통장』 상품설명서,3572,10,412,500
hana_desc_derivatives_001,설명서,flat,장외파생상품설명서,12698,32,473,500
hana_desc_derivatives_002,설명서,flat,장외파생상품설명서,7720,19,481,500
hana_desc_derivatives_003,설명서,flat,장외파생상품설명서,7659,20,458,500
hana_desc_derivatives_004,설명서,flat,장외파생상품설명서,7678,19,479,499
hana_desc_derivatives_005,설명서,flat,장외파생상품설명서,7954,20,473,500
hana_desc_derivatives_006,설명서,flat,장외파생상품설명서,7952,20,473,500
hana_desc_derivatives_007,설명서,flat,장외파생상품설명서,7570,19,474,499
hana_desc_derivatives_008,설명서,flat,장외파생상품설명서,7589,19,474,499
hana_desc_derivatives_009,설명서,flat,장외파생상품설명서,10402,26,476,496
hana_desc_derivatives_010,설명서,flat,장외파생상품설명서,10417,26,477,495
hana_desc_derivatives_011,설명서,flat,장외파생상품설명서,10067,25,479,500
hana_desc_derivatives_012,설명서,flat,장외파생상품설명서,10124,25,481,501
hana_desc_derivatives_013,설명서,flat,장외파생상품설명서,12514,31,480,500
hana_desc_derivatives_014,설명서,flat,장외파생상품설명서,12550,32,469,495
hana_desc_digital_banking_001,설명서,numbered,『기업전자금융』 서비스 설명서,3233,8,423,657
hana_desc_digital_banking_002,설명서,flat,『기업 QR 결제 서비스』 설명서,2005,5,464,481
hana_desc_digital_banking_003,설명서,flat,『해외 ATM 출금 서비스』 설명서,2482,6,480,499
hana_desc_digital_banking_004,설명서,flat,『하나 합(마이데이터 서비스)』 설명서,1590,4,457,501
hana_desc_digital_banking_005,설명서,flat,『제휴사 해외 ATM 출금 서비스』 설명서,2775,7,464,498
hana_desc_fx_001,설명서,flat,『easy-one 외화송금서비스』 상품설명서,2096,5,483,499
hana_desc_fx_002,설명서,flat,『개인뱅킹 환전지갑 서비스 설명서』,2267,6,444,500
hana_desc_fx_003,설명서,flat,『고객센터 환전지갑 서비스 설명서』,2135,6,422,500
hana_desc_fx_004,설명서,flat,『하나-웨스턴유니온 월렛송금』 서비스 설명서,1545,4,445,487
hana_desc_fx_005,설명서,flat,『하나원큐기업 환전지갑 서비스 설명서』,1364,4,400,488
hana_desc_fx_006,설명서,numbered,『환전지갑 목표환율 자동환전 서비스』 설명서,3590,9,416,592
hana_desc_fx_007,설명서,numbered,『환전지갑 선물하기 서비스』 설명서,2259,6,375,621
hana_desc_fx_008,설명서,clause,『제휴 환전지갑 서비스 설명서』,2351,6,431,501
hana_desc_loan_001,설명서,article,보금자리론 설명서,21416,58,424,548
hana_desc_loan_002,설명서,article,CD수익률 설명서 (여신거래용),10265,28,397,735
hana_desc_loan_003,설명서,article,(은행보관용) 대출 상품설명서(권유용),21937,62,410,498
hana_desc_loan_004,설명서,article,주택도시기금대출(가계용) 상품설명서,7986,22,406,860
hana_desc_loan_005,설명서,article,가계대출 상품설명서,39292,101,440,785
hana_desc_loan_006,설명서,article,가계대출 상품설명서,39960,104,436,744
hana_desc_loan_007,설명서,article,기업대출 상품설명서,37020,92,453,812
hana_desc_loan_008,설명서,article,전세자금대출 상품설명서,41874,113,423,806
hana_desc_loan_009,설명서,article,주택연금 사전예약 보금자리론 설명서,22266,60,426,565
hana_desc_loan_010,설명서,article,주택담보대출 상품설명서,41564,106,446,815
hana_desc_loan_011,설명서,article,내집마련 디딤돌 대출 상품설명서,8398,21,445,858
hana_desc_others_001,설명서,numbered,『하나 화상상담데스크』 서비스 설명서,1275,3,424,492
hana_desc_others_002,설명서,flat,「예금 토큰」 설명서,2720,7,456,499
hana_desc_retirement_pension_001,설명서,clause,개인형IRP 핵심설명서,9204,28,385,501
hana_desc_retirement_pension_002,설명서,numbered,『하나은행 디폴트옵션 안정형 포트폴리오』 상품설명서,15119,43,403,495
hana_desc_retirement_pension_003,설명서,numbered,『하나은행 디폴트옵션 안정투자형 포트폴리오 1』 상품설명서,16325,46,408,527
hana_desc_retirement_pension_004,설명서,numbered,『하나은행 디폴트옵션 안정투자형 포트폴리오 2』 상품설명서,16217,44,420,539
hana_desc_retirement_pension_005,설명서,numbered,『하나은행 디폴트옵션 안정투자형 포트폴리오 3』 상품설명서,15667,41,432,856
hana_desc_retirement_pension_006,설명서,numbered,『하나은행 디폴트옵션 적극투자형 포트폴리오 1』 상품설명서,15333,41,424,856
hana_desc_retirement_pension_007,설명서,numbered,『하나은행 디폴트옵션 중립투자형 포트폴리오 1』 상품설명서,16215,44,420,527
hana_desc_retirement_pension_008,설명서,numbered,『하나은행 디폴트옵션 중립투자형 포트폴리오 2』 상품설명서,16303,44,418,732
hana_desc_retirement_pension_009,설명서,numbered,『하나은행 디폴트옵션 중립투자형 포트폴리오 3』 상품설명서,16185,44,419,538
hana_desc_retirement_pension_010,설명서,article,퇴직연금 이율보증형보험 상품설명서(핵심/요약),4733,11,473,714
hana_desc_trust_001,설명서,clause,하나은행 ISA 모델포트폴리오 설명서 (AI 최고위험),7695,20,412,776
hana_desc_trust_002,설명서,clause,하나은행 ISA 모델포트폴리오 설명서 (AI 고위험),7703,20,412,785
hana_desc_trust_003,설명서,clause,하나은행 ISA 모델포트폴리오 설명서 (AI 저위험),7729,20,413,795
hana_desc_trust_004,설명서,clause,하나은행 ISA 모델포트폴리오 설명서 (AI 중위험),7700,20,412,788
hana_desc_trust_005,설명서,clause,하나은행 ISA 모델포트폴리오 설명서 (저위험_포커스),7497,20,402,796
hana_desc_trust_006,설명서,clause,하나은행 ISA 모델포트폴리오 설명서 (최고위험_밸런스),7430,20,398,777
hana_desc_trust_007,설명서,clause,하나은행 ISA 모델포트폴리오 설명서 (최저위험),7407,19,414,896
hana_desc_trust_008,설명서,clause,하나은행 ISA 모델포트폴리오 설명서 (고위험_밸런스),7458,20,400,786
hana_desc_trust_009,설명서,clause,하나은행 ISA 모델포트폴리오 설명서 (고위험_포커스),7456,20,400,786
hana_desc_trust_010,설명서,clause,하나은행 ISA 모델포트폴리오 설명서 (저위험_밸런스),7463,20,400,796
hana_desc_trust_011,설명서,clause,하나은행 ISA 모델포트폴리오 설명서 (중위험_밸런스),7448,20,399,789
hana_desc_trust_012,설명서,clause,하나은행 ISA 모델포트폴리오 설명서 (중위험_포커스),7447,20,399,789
hana_desc_trust_013,설명서,article,일임형 개인종합자산관리계좌(ISA) 계약권유문서,16902,47,370,787
hana_terms_deposit_001,약관,article,입출금이 자유로운 예금약관,4415,16,275,541
hana_terms_deposit_002,약관,article,예금거래 기본약관,10402,33,321,831
hana_terms_digital_banking_001,약관,article,전자금융거래 기본약관,15083,47,323,747
hana_terms_digital_banking_002,약관,article,마이데이터서비스 이용약관,7692,22,348,755
hana_terms_loan_001,약관,numbered,추가약정서,3135,9,383,501
hana_terms_loan_002,약관,numbered,추가약정서(가계대출 금리감면용),4588,11,438,809
hana_terms_loan_003,약관,flat,추가약정서,919,3,359,497
hana_terms_loan_004,약관,flat,추가약정서,592,1,592,592
hana_terms_loan_005,약관,article,추가약정서,1151,6,191,276
hana_terms_loan_006,약관,flat,추가약정서,948,3,369,489
hana_terms_loan_007,약관,article,대출거래( )추가약정서,21667,82,265,841
hana_terms_loan_008,약관,article,대출거래추가약정서,1316,6,218,518
hana_terms_loan_009,약관,article,대출거래추가약정서,1403,5,279,706
hana_terms_loan_010,약관,flat,대출거래 추가약정서,121,1,121,121
hana_terms_loan_011,약관,article,대출거래약정서(가계용),26131,94,282,786
hana_terms_loan_012,약관,article,대출거래약정서 담 당 책 임 자 관 리 자 부 점 장,11144,38,296,845
hana_terms_loan_013,약관,article,대출거래약정서,10240,37,275,736
hana_terms_loan_014,약관,article,대출거래약정서,7395,27,273,892
hana_terms_loan_015,약관,article,대출거래약정서 (주택담보노후연금대출용),8877,32,276,832
hana_terms_loan_016,약관,article,대출거래약정서,12089,43,297,847
hana_terms_loan_017,약관,article,은행여신거래 기본약관,12283,44,278,865
hana_terms_loan_018,약관,article,은행여신거래 기본약관,15567,50,310,892
hana_terms_loan_019,약관,article,주택도시기금 내집마련 디딤돌 대출거래약정서,10468,33,318,844
hana_terms_loan_020,약관,article,여신거래추가약정서,4187,14,309,745
hana_terms_loan_021,약관,numbered,여신거래추가약정서,710,2,354,485
hana_terms_loan_022,약관,article,여신거래 추가약정서,1605,5,320,663
hana_terms_loan_023,약관,article,여신거래약정서(단기금융용),8918,25,361,827
hana_terms_loan_024,약관,article,여신거래약정서(기업용),11471,39,303,721
hana_faq_001,FAQ,qa_pair,주택청약종합저축으로의 전환 후 순위 기산일 및 납입인정금액 확인은 어디서,141,1,141,141
hana_faq_002,FAQ,qa_pair,청약 예부금/청약저축의 주택청약종합저축으로의 전환 가입은 어떻게 해야 하,268,1,268,268
hana_faq_003,FAQ,qa_pair,퇴직연금 가입확인서는 어디서 출력할 수 있나요?,136,1,136,136
hana_faq_004,FAQ,qa_pair,Household(가족손님) 제도란 무엇인가요?,426,1,426,426
hana_faq_005,FAQ,qa_pair,주거래 손님에게는 어떠한 혜택이 있나요?,440,1,440,440
hana_faq_006,FAQ,qa_pair,「금융거래한도계좌」란 무엇인가요?,1560,5,395,494
hana_faq_007,FAQ,qa_pair,「금융거래한도계좌」는 어떻게 해제 하나요?,710,3,310,485
hana_faq_008,FAQ,qa_pair,"미성년자 명의의 예금(요구불/예·적금, 청약) 해지 시 또는 제신고는 어",325,1,325,325
hana_faq_009,FAQ,qa_pair,영유아 대상 추천상품 알려주세요,156,1,156,156
hana_faq_010,FAQ,qa_pair,급여통장 추천상품 알려주세요,87,1,87,87
hana_faq_011,FAQ,qa_pair,직장인 대상 추천상품 알려주세요,156,1,156,156
hana_faq_012,FAQ,qa_pair,대학생 추천상품 알려주세요,165,1,165,165
hana_faq_013,FAQ,qa_pair,바보의 나눔 적금 기부증명서 발급받고 싶어요,148,1,148,148
hana_faq_014,FAQ,qa_pair,바보의 나눔 통장 장기기증희망등록에 대해 알려주세요,102,1,102,102
hana_faq_015,FAQ,qa_pair,압류방지통장에 대해 알려주세요,1001,3,348,500
hana_faq_016,FAQ,qa_pair,미성년자가 현금IC카드를 발급할 수 있나요?,378,1,378,378
hana_faq_017,FAQ,qa_pair,외화통장도 전자통장으로 등록할 수 있나요?,84,1,84,84
hana_faq_018,FAQ,qa_pair,주택청약종합저축에 입금한 후 납입 회차수 변경이 가능한가요?,46,1,46,46
hana_faq_019,FAQ,qa_pair,개인연금신탁과 연금신탁의 소득공제 대상금액은 어떻게 되나요?,191,1,191,191
hana_faq_020,FAQ,qa_pair,청약 계좌에 입금을 하려면 당행 창구에 방문해야만 하나요?,94,1,94,94
hana_faq_021,FAQ,qa_pair,청약 관련 상품을 인터넷으로 가입할 수 있나요?,128,1,128,128
hana_faq_022,FAQ,qa_pair,개인연금신탁 해지하면 창구에서 바로 지급이 되나요?,150,1,150,150
hana_faq_023,FAQ,qa_pair,주택청약종합저축 소득공제 요건이 어떻게 되나요?,313,1,313,313
hana_faq_024,FAQ,qa_pair,노란우산 공제가 무엇인가요?,192,1,192,192
hana_faq_025,FAQ,qa_pair,청약저축의 소득공제에 대해 알려주세요,313,1,313,313
hana_faq_026,FAQ,qa_pair,e-플러스공동구매적금이란 무엇인가요?,103,1,103,103
hana_faq_027,FAQ,qa_pair,손님 등급(하나금융그룹 우대서비스)은 어떻게 산정하나요?,274,1,274,274
hana_faq_028,FAQ,qa_pair,e-플러스 공동구매 정기예금이란 무엇인가요?,105,1,105,105
hana_faq_029,FAQ,qa_pair,"통장인감을 분실(or 변경)하여, 재발급받으려는데 재발급절차와 수수료를 ",385,1,385,385
hana_faq_030,FAQ,qa_pair,거래에 대해 본인만 알도록 하는 방법이 있나요?(SAFE ACCOUNT),323,1,323,323
hana_faq_031,FAQ,qa_pair,세금우대 한도는 얼마인가요?,57,1,57,57
hana_faq_032,FAQ,qa_pair,전자통장(Hana Magic 카드)으로 자동화기기에서 어떻게 입출금을 하,391,1,391,391
hana_faq_033,FAQ,qa_pair,분할상환대출의 분할기일전 중도상환시 회차상환과 금액상환 간 어떤 차이가 ,662,1,662,662
hana_faq_034,FAQ,qa_pair,대출 원금이나 이자를 상환해야 하는 날짜가 은행 영업일이 아닌 경우 상환,162,1,162,162
hana_faq_035,FAQ,qa_pair,대출이자 계산할 때 자주 나오는 '한편넣기'란 용어가 무슨 뜻인가요?,252,1,252,252
hana_faq_036,FAQ,qa_pair,대출계약 철회권에 대해 알려주세요.,748,2,427,481
hana_faq_037,FAQ,qa_pair,이자계산 방법은 어떻게 되나요?,510,1,510,510
hana_faq_038,FAQ,qa_pair,금리인하 요구제도에 대해 알려주세요.,821,2,409,500
hana_faq_039,FAQ,qa_pair,대출 부대비용은 어떻게 되나요?,471,1,471,471
hana_faq_040,FAQ,qa_pair,대출 신청준비서류는 어떤게 있나요?,979,2,485,500
hana_faq_041,FAQ,qa_pair,영업점 창구에서 신청시 이용절차가 어떻게 되나요?,306,1,306,306
hana_faq_042,FAQ,qa_pair,인터넷으로 대출 신청시 이용절차가 어떻게 되나요?,254,1,254,254
hana_faq_043,FAQ,qa_pair,학자금대출을 은행에서 받을 수 있나요?,114,1,114,114
hana_faq_044,FAQ,qa_pair,거치기간이란 무엇인가요?,99,1,99,99
hana_faq_045,FAQ,qa_pair,아낌 e-보금자리론이 무엇인가요?,207,1,207,207
hana_faq_046,FAQ,qa_pair,제2금융권에서 고금리로 신용대출 이용중인데 하나은행에 저금리로 대환해서 ,501,1,501,501
hana_faq_047,FAQ,qa_pair,대출 이자 및 원리금 납입 자동이체 처리시간이 어떻게 되나요?,124,1,124,124
hana_faq_048,FAQ,qa_pair,하나은행 거래실적을 통한 대출금리 우대 시 반드시 대출 원(리)금 자동이,176,1,176,176
hana_faq_049,FAQ,qa_pair,대학생 청년 햇살론은 어떤 상품인가요?,439,1,439,439
hana_faq_050,FAQ,qa_pair,미등기아파트인 경우 전세자금 대출 신청이 가능한가요?,319,1,319,319
hana_faq_051,FAQ,qa_pair,원리금대출을 이용중인데 상환스케쥴을 미리 조회할 수 있나요?,193,1,193,193
hana_faq_052,FAQ,qa_pair,우량주택전세론 신청시 무소득자의 경우 배우자의 소득을 합산하여 소득증빙이,143,1,143,143
hana_faq_053,FAQ,qa_pair,전세자금대출로 소득공제가 가능한가요?,350,1,350,350
hana_faq_054,FAQ,qa_pair,ARS로 대출관련 조회가 가능한가요?,191,1,191,191
hana_faq_055,FAQ,qa_pair,인터넷으로 예금담보대출 신청가능한 시간은 언제인가요?,58,1,58,58
hana_faq_056,FAQ,qa_pair,새희망홀씨 대출 대상자요건 중 연소득 산정 시 성과금이나 수당은 제외되나,134,1,134,134
hana_faq_057,FAQ,qa_pair,마이너스통장 대출의 이자 출금이 어떤 방식으로 출금되는지 알고싶습니다.,322,1,322,322
hana_faq_058,FAQ,qa_pair,U-보금자리론이 무엇인가요?,51,1,51,51
hana_faq_059,FAQ,qa_pair,인터넷으로 아파트담보대출을 받을 수 있나요?,262,1,262,262
hana_faq_060,FAQ,qa_pair,마이너스 모기지론도 소득공제 가능한가요?,126,1,126,126
hana_faq_061,FAQ,qa_pair,전자금융 예금담보대출이 무엇인가요?,373,1,373,373
hana_faq_062,FAQ,qa_pair,인터넷 상에서 신청한 대출이 부결로 나왔습니다. 이유가 무엇인가요?,137,1,137,137
hana_faq_063,FAQ,qa_pair,"인터넷대출 신청시 신용정보조회를 했는데, 이 내용을 삭제하고 싶습니다.",305,1,305,305
hana_faq_064,FAQ,qa_pair,전세금을 담보로 대출을 받을 수 있나요 ?,261,1,261,261
hana_faq_065,FAQ,qa_pair,금융인증서의 갱신발급(기한연장)은 언제하면 됩니까?,286,1,286,286
hana_faq_066,FAQ,qa_pair,여권조합번호를 실명번호로 사용하고 있습니다. 인증서를 발급받을 수 있나요,286,1,286,286
hana_faq_067,FAQ,qa_pair,금융인증서 비밀번호를 분실한 경우 어떻게 해야하나요?,143,1,143,143
hana_faq_068,FAQ,qa_pair,해외에서도 금융인증서를 이용할 수 있나요?,195,1,195,195
hana_faq_069,FAQ,qa_pair,금융인증서를 발급 받으면 기존에 이용하던 공동인증서(구. 공인인증서)는 ,117,1,117,117
hana_faq_070,FAQ,qa_pair,"금융인증서 이용중입니다. 휴대전화번호를 바꾸었는데, 기존 클라우드에 저장",398,1,398,398
hana_faq_071,FAQ,qa_pair,"금융인증서 이용중입니다. 휴대전화 번호는 바꾸지 않고, 휴대전화 기기만 ",226,1,226,226
hana_faq_072,FAQ,qa_pair,금융인증서를 공공기관에서도 이용이 가능한가요?,169,1,169,169
hana_faq_073,FAQ,qa_pair,하나원큐와 PC에서 금융인증서를 이용하고 싶습니다. 인증서 복사를 해야하,230,1,230,230
hana_faq_074,FAQ,qa_pair,이미 타행에서 금융인증서를 발급받았습니다. 추가 발급을 해야 하나요?,257,1,257,257
hana_faq_075,FAQ,qa_pair,금융인증서의 발급은 어떻게 하나요?,231,1,231,231
hana_faq_076,FAQ,qa_pair,금융인증서가 무엇인가요?,293,1,293,293
hana_faq_077,FAQ,qa_pair,여권조합번호로 거래하는 사람은 범용 인증서 발급이 가능한가요?,287,1,287,287
hana_faq_078,FAQ,qa_pair,조합번호 전용 공동인증서가 무엇인가요?,585,1,585,585
hana_faq_079,FAQ,qa_pair,[브라우저인증서] 발급 후 스마트폰으로 복사 방법은 어떻게 되나요?,206,1,206,206
hana_faq_080,FAQ,qa_pair,[브라우저인증서] 하나원큐에서 사용 가능한 인증서인가요?,131,1,131,131
hana_faq_081,FAQ,qa_pair,[브라우저인증서] 브라우저 인증서가 일반 인증서처럼 공동인증서(구.공인인,193,1,193,193
hana_faq_082,FAQ,qa_pair,"[브라우저인증서] ""웹브라우저 내에 저장되므로 다른 브라우저와 연동되지않",262,1,262,262
hana_faq_083,FAQ,qa_pair,[브라우저인증서] 모바일웹으로 복사하면 하나은행 모바일웹에는 이체가 안되,163,1,163,163
hana_faq_084,FAQ,qa_pair,[브라우저인증서] 클라우드 서비스가 뭔가요?,235,1,235,235
hana_faq_085,FAQ,qa_pair,[브라우저인증서] ie에서 받고 복사하지않고 chrome에서 받으면 인증,178,1,178,178
hana_faq_086,FAQ,qa_pair,[브라우저인증서] 인터넷뱅킹 보안프로그램 장애조치 시 검색 기록 등을 삭,254,1,254,254
hana_faq_087,FAQ,qa_pair,영업점에서 해외송금한 내용도 기업뱅킹의 송금내역조회에서 확인가능한가요?,87,1,87,87
hana_faq_088,FAQ,qa_pair,개인사업자인데 기업뱅킹을 사용 시 개인명의 계좌를 보이지 않게 등록이 가,150,1,150,150
hana_faq_089,FAQ,qa_pair,인터넷뱅킹/하나원큐에서 특정계좌만 조회 되지 않도록 등록할 수 있나요?,290,1,290,290
hana_faq_090,FAQ,qa_pair,인터넷 뱅킹에서 특정 거래내역을 삭제할 수 있나요?,143,1,143,143
hana_faq_091,FAQ,qa_pair,인터넷뱅킹에서 세금우대 한도를 변경할 수 있나요?,198,1,198,198
hana_faq_092,FAQ,qa_pair,계좌 비밀번호 변경하려면 꼭 영업점으로 방문해야 하나요?,338,1,338,338
hana_faq_093,FAQ,qa_pair,이체거래 확인증을 출력할 수 있나요?,111,1,111,111
hana_faq_094,FAQ,qa_pair,하나은행 인터넷뱅킹을 통해 하나카드 관련 내역을 조회할 수 있나요?,209,1,209,209
hana_faq_095,FAQ,qa_pair,해외 IP 차단서비스와 신청방법을 알려주세요.,299,1,299,299
hana_faq_096,FAQ,qa_pair,인터넷뱅킹에서 통장사본 출력이 가능한가요?,99,1,99,99
hana_faq_097,FAQ,qa_pair,미성년자인 자녀의 인터넷뱅킹을 부모가 대리로 가입할 수 있나요?,466,1,466,466
hana_faq_098,FAQ,qa_pair,인터넷뱅킹상에서 통장 미정리내역 삭제가 가능한가요?,109,1,109,109
hana_faq_099,FAQ,qa_pair,보안 프로그램 관련 오류가 발생하여 인터넷뱅킹이 이용이 안될 경우 처리방,342,1,342,342
hana_faq_100,FAQ,qa_pair,전자금융을 통한 이체시 한도는 얼마인가요?,701,2,405,494
hana_faq_101,FAQ,qa_pair,인터넷뱅킹 이체한도를 확인하는 방법과 이체한도를 변경하는 방법을 알려주세,334,1,334,334
hana_faq_102,FAQ,qa_pair,인터넷을 통해 통장담보대출을 받으려면 어떻게 해야하나요?,386,1,386,386
hana_faq_103,FAQ,qa_pair,출금계좌 (추가)지정 및 해지는 어디에서 하나요?,319,1,319,319
hana_faq_104,FAQ,qa_pair,인터넷뱅킹/하나원큐 사용자인데 '이체성 거래 정지' 가 되었습니다. 어떻,443,1,443,443
hana_faq_105,FAQ,qa_pair,해외에서 인터넷뱅킹 사용이 가능한가요?,575,1,575,575
hana_faq_106,FAQ,qa_pair,폰뱅킹 가입자는 직접 인터넷 뱅킹에 가입할 수 있나요?,154,1,154,154
hana_faq_107,FAQ,qa_pair,모바일뱅킹으로 해외송금이 가능한가요?,145,1,145,145
hana_faq_108,FAQ,qa_pair,인터넷을 통한 해외송금은 어떻게 하나요 ?,523,1,523,523
hana_faq_109,FAQ,qa_pair,위안화로도 외화정기예금 가입이 가능한가요?,273,1,273,273
hana_faq_110,FAQ,qa_pair,외화보통예금통장도 자동화기기에서 통장정리가 가능한가요?,46,1,46,46
hana_faq_111,FAQ,qa_pair,보유 외화를 인터넷을 통해 팔 수 있나요?,94,1,94,94
hana_faq_112,FAQ,qa_pair,중국에 위안화로 송금이 가능한가요?,281,1,281,281
hana_faq_113,FAQ,qa_pair,외화보통예금통장도 거래내역 문자통지서비스 신청이 가능한가요?,224,1,224,224
hana_faq_114,FAQ,qa_pair,하나의 계좌에 여러 통화를 동시에 거래할 수 있는 상품이 있나요?,270,1,270,270
hana_faq_115,FAQ,qa_pair,인터넷 뱅킹으로 해외송금이 가능한가요?,263,1,263,263
hana_faq_116,FAQ,qa_pair,"외화환전시 해외여행자 보험이 가입 가능하다고 하는데요, 보험가입이 가능한",230,1,230,230
hana_faq_117,FAQ,qa_pair,외국인도 인터넷뱅킹을 통해 해외송금 할 수 있나요?,297,1,297,297
hana_faq_118,FAQ,qa_pair,'거주자(외국인 제외)의 무증빙 해외송금'이 무엇인가요?,358,1,358,358
hana_faq_119,FAQ,qa_pair,외화정기예금을 인터넷으로 가입할 수 있나요?,180,1,180,180
hana_faq_120,FAQ,qa_pair,해외에서 송금을 받으려고 합니다. 송금인에게 어떤 정보를 알려줘야 하나요,438,1,438,438
hana_faq_121,FAQ,qa_pair,외화보통예금통장에 외화현찰로 입금 하려 합니다. 이때 입출금 수수료가 있,382,1,382,382
hana_faq_122,FAQ,qa_pair,외화정기예금도 예금자 보호법에 의해 보호를 받을 수 있나요?,169,1,169,169
hana_faq_123,FAQ,qa_pair,하나원큐인증이 무엇인가요?,380,1,380,380
hana_faq_124,FAQ,qa_pair,[인기][본인인증] 스마트 간편인증이 안됩니다.,752,2,432,476
hana_faq_125,FAQ,qa_pair,[인기][ARS인증] ARS 인증 전화가 오지 않습니다.,1074,3,383,500
hana_faq_126,FAQ,qa_pair,[인기][단말기지정서비스] 스마트폰을 변경하였더니 단말기지정서비스 초과로,303,1,303,303
hana_faq_127,FAQ,qa_pair,[인기][OTP] 모바일 OTP는 무엇이고 어떻게 이용하는 건가요?,410,1,410,410
hana_faq_128,FAQ,qa_pair,[보안매체] 보안매체에 따라 이체한도가 다른가요?,299,1,299,299
hana_faq_129,FAQ,qa_pair,[보안매체] 전자금융 사용자입니다. 보안매체를 모바일 OTP로 변경하고 ,195,1,195,195
hana_faq_130,FAQ,qa_pair,[모바일 OTP] 모바일 OTP 이용이 안됩니다.,175,1,175,175
hana_faq_131,FAQ,qa_pair,[모바일 OTP] 모바일 OTP를 신청했는데 이용이 안됩니다. 활성화하려,269,1,269,269
hana_faq_132,FAQ,qa_pair,[모바일 OTP] 인터넷뱅킹에서 모바일 OTP를 어떻게 사용해야 하나요?,383,1,383,383
hana_faq_133,FAQ,qa_pair,[OTP] OTP가 무엇인가요?,534,1,534,534
hana_faq_134,FAQ,qa_pair,[OTP] OTP를 분실했어요. 어떻게 재발급을 받나요?,394,1,394,394
hana_faq_135,FAQ,qa_pair,"[OTP] OTP는 기존에 사용하던 보안카드(자물쇠카드, (구)외환 안전",191,1,191,191
hana_faq_136,FAQ,qa_pair,[OTP] OTP 오류 횟수를 초과했다고 나오네요. 어떻게 해야 하나요?,298,1,298,298
hana_faq_137,FAQ,qa_pair,[OTP] OTP 불량으로 사용이 안돼요. 어떻게 재발급 받나요?,360,1,360,360
hana_faq_138,FAQ,qa_pair,[OTP] OTP를 이용하는데 '보정거래 필요' 또는 '인증실패' 오류가,854,3,373,481
hana_faq_139,FAQ,qa_pair,내 아이 통장만들기 서비스가 무엇인가요?,358,1,358,358
hana_faq_140,FAQ,qa_pair,전자금융 가입 시 ID/PW 입력을 안해도 되나요? 추후 등록하고 싶을땐,242,1,242,242
hana_faq_141,FAQ,qa_pair,"하나원큐인증 로그인을 하려고 하는데, 앱 알림(Push)이 오지 않습니다",194,1,194,194
hana_faq_142,FAQ,qa_pair,하나원큐인증 로그인이 무엇인가요?,265,1,265,265
hana_faq_143,FAQ,qa_pair,[인기][로그인] 이용자 비밀번호 오류 입력 횟수가 초과 했습니다.,930,3,392,421
hana_faq_144,FAQ,qa_pair,[인기][로그인] 로그인 비밀번호를 입력하고 나면 흰 화면이 뜨거나 오류,383,1,383,383
hana_faq_145,FAQ,qa_pair,[인기][비대면][신분증확인] 비대면 실명 인증할 때 신분증 인식이 안됩,259,1,259,259
hana_faq_146,FAQ,qa_pair,[로그인] 아이디 변경이 가능한가요?,400,1,400,400
hana_faq_147,FAQ,qa_pair,[로그인] 이용자 비밀번호(ID/PW의 PW)를 잊어버렸어요.,687,1,687,687
hana_faq_148,FAQ,qa_pair,[로그인] 이용자 ID(아이디)를 잊어버렸어요. 어떻게 찾나요?,631,1,631,631
hana_faq_149,FAQ,qa_pair,[로그인] 이용자 비밀번호 변경하는 방법은 무엇인가요?,327,1,327,327
hana_faq_150,FAQ,qa_pair,[로그인] 전자금융 이용자 비밀번호를 등록하려고 합니다.,346,1,346,346
hana_faq_151,FAQ,qa_pair,[간편로그인] 간편인증이 무엇이고 어떻게 이용하나요?,590,1,590,590
hana_faq_152,FAQ,qa_pair,[간편로그인] 지문인증이 무엇이고 어떻게 이용하나요?,561,1,561,561
hana_faq_153,FAQ,qa_pair,[간편로그인] 패턴인증이 무엇이고 어떻게 이용하나요?,308,1,308,308
hana_faq_154,FAQ,qa_pair,[로그인 설정] 하나원큐 로그인 방법의 기본 설정을 변경하고 싶습니다. ,212,1,212,212
hana_faq_155,FAQ,qa_pair,입출금내역 문자서비스 어떻게 신청하면 되나요?,654,1,654,654
hana_faq_156,FAQ,qa_pair,입출금내역이 있을때 마다 휴대폰 SMS서비스를 받을수 있나요?,217,1,217,217
hana_faq_157,FAQ,qa_pair,[이용안내] '장기 미사용 이체 제한 거래 정지'가 무엇인가요?,913,3,385,427
hana_faq_158,FAQ,qa_pair,[인증서복사] 스마트폰으로 ‘인증서 가져오기’ 후에 PC에서 인증서를 재,212,1,212,212
hana_faq_159,FAQ,qa_pair,[내계좌이체] 내 계좌로 이체하는데 보안매체나 공동인증서 없이 이체가 되,176,1,176,176
hana_faq_160,FAQ,qa_pair,[심플이체] 심플이체는 등록한대로만 이체할 수 있나요?,159,1,159,159
hana_faq_161,FAQ,qa_pair,[심플이체] 심플이체란 무엇인가요?,132,1,132,132
hana_faq_162,FAQ,qa_pair,[카드] '하나원큐' 앱에서 지원하는 카드서비스는 어떤 것이 있나요?,100,1,100,100
hana_faq_163,FAQ,qa_pair,[ATM출금] 통장이 없는데 현금 출금이 가능할까요?,393,1,393,393
hana_faq_164,FAQ,qa_pair,[해지] 스마트폰뱅킹을 해지하려면 은행을 꼭 방문해야 하나요?,132,1,132,132
hana_faq_165,FAQ,qa_pair,주요환율은 하루에 몇 번 받을 수 있나요?,141,1,141,141
hana_faq_166,FAQ,qa_pair,연락처 이체 한도는 어떻게 되나요?,85,1,85,85
hana_faq_167,FAQ,qa_pair,연락처 이체시 받는 분도 하나원큐 앱이 설치되어 있어야 하나요?,84,1,84,84
hana_faq_168,FAQ,qa_pair,연락처 이체시 받으실 분은 입금정보를 입력해야 할 시간이 정해져 있나요?,108,1,108,108
hana_faq_169,FAQ,qa_pair,연락처 이체가 취소되는 때는 어떤 경우가 있나요?,157,1,157,157
hana_faq_170,FAQ,qa_pair,연락처 이체 한도는 전자금융 한도에 포함되는 건가요?,120,1,120,120
hana_faq_171,FAQ,qa_pair,해외주식투자전용펀드로 신규하려고 했는데 감면과세코드를 넣지 않고 일반과세,109,1,109,109
hana_faq_172,FAQ,qa_pair,미성년자가 인터넷으로 펀드를 가입할 수 있나요?,55,1,55,55
hana_faq_173,FAQ,qa_pair,소득공제 장기펀드를 중도환매하는데 세금이 얼마나 나오나요?,315,1,315,315
hana_faq_174,FAQ,qa_pair,(구)개인연금펀드는 연금개시신청을 해야하나요?,208,1,208,208
hana_faq_175,FAQ,qa_pair,해외주식투자전용펀드가 일부환매가 가능한가요?,169,1,169,169
hana_faq_176,FAQ,qa_pair,해외주식투자전용펀드가 다 비과세가 되나요?,260,1,260,260
hana_faq_177,FAQ,qa_pair,해외주식투자전용펀드는 가입대상이 어떻게 되나요?,169,1,169,169
hana_faq_178,FAQ,qa_pair,연금개시신청을 인터넷에서는 할 수 있나요?,125,1,125,125
hana_faq_179,FAQ,qa_pair,"감면과세상품(해외비과세, 연금저축 등) 한도변경이 인터넷에서도 가능한가요",109,1,109,109
hana_faq_180,FAQ,qa_pair,하나 행복knowhow연금저축계좌(펀드) 신규 가입 및 환매(해지) 개인,209,1,209,209
hana_faq_181,FAQ,qa_pair,소득공제 장기펀드 가입한 금액 중 일부만 환매 가능한가요?,66,1,66,66
hana_faq_182,FAQ,qa_pair,소득공제 장기펀드 소득공제 받을 수 있는 요건 및 소득공제 대상 금액이 ,259,1,259,259
hana_faq_183,FAQ,qa_pair,국가간 ATM 서비스 이용 한도와 수수료는 어떻게 되나요?,275,1,275,275
hana_faq_184,FAQ,qa_pair,ATM 타행 입금 서비스란 무엇인가요?,511,1,511,511
hana_faq_185,FAQ,qa_pair,우체국 자동화기기에서 하나은행 카드 이용 시 수수료 체계가 어떻게 되나요,246,1,246,246
hana_faq_186,FAQ,qa_pair,1년간 카드로 자동화기기에서 거래 하지 않으면 자동화기기 사용이 제한되나,321,1,321,321
hana_faq_187,FAQ,qa_pair,노인/장애인/소년 소녀 가정에 대한 영업시간외 자동화기기 현금인출 수수료,250,1,250,250
hana_faq_188,FAQ,qa_pair,국가간 ATM 서비스를 이용할 수 있는 카드로는 어떤 카드가 있나요?,273,1,273,273
hana_faq_189,FAQ,qa_pair,국가간 ATM 서비스란 무엇인가요?,310,1,310,310
hana_faq_190,FAQ,qa_pair,해외카드로 하나은행 글로벌ATM기에서 잔액조회가 가능한가요?,250,1,250,250
hana_faq_191,FAQ,qa_pair,"통합 후 예금, 대출거래는 구 하나/외환은행에서 동시에 거래 가능한가요?",123,1,123,123
hana_faq_192,FAQ,qa_pair,통합 후 예금자보호법은 어떻게 적용되나요?,63,1,63,63
hana_faq_193,FAQ,qa_pair,"종합부동산세가 지방세인가요, 국세인가요?",265,1,265,265
hana_faq_194,FAQ,qa_pair,공과금 납부는 몇시까지 가능한가요?,494,1,494,494
hana_faq_195,FAQ,qa_pair,[기타] 상품 및 서비스의 약관과 설명서는 어디서 볼 수 있나요?,430,1,430,430
hana_faq_196,FAQ,qa_pair,[기타] 급여이체 판정 기준을 알고 싶습니다.,748,3,323,348
hana_faq_197,FAQ,qa_pair,[기타] 프라임등급 유지서비스란 무엇인가요?,500,1,500,500
hana_faq_198,FAQ,qa_pair,[인기][해외이용] 해외에서 뱅킹을 쓸 예정인데 출국 전에 미리 해야할 ,631,1,631,631
hana_faq_199,FAQ,qa_pair,폰뱅킹 이용 시간을 알려주세요.,258,1,258,258
hana_faq_200,FAQ,qa_pair,폰뱅킹 신청/해지 신청 방법을 알려주세요.,1390,4,369,500
