doc_type,filename,n_pages,n_chars,chars_per_page,is_scanned,title_by_font,title_by_keyword,n_articles,n_circled,n_numbered,n_tables,structure,compliance_no,compliance_date,error
desc,hana_desc_deposit_balhaengeoeum_20250901.pdf,2,1,0,True,,,0,0,0,3,scanned,,,
desc,hana_desc_deposit_cheongnyeon_jutaekdeurim_cheongyaktongjang_20260630.pdf,9,14150,1572,False,『청년주택드림청약통장』요약상품설명서,『청년 주택드림 청약통장』 요약 상품설명서,35,58,40,13,article,,,
desc,hana_desc_deposit_eoeumgwanrigyejwa_20250901.pdf,2,1,0,True,,,0,0,0,2,scanned,,,
desc,hana_desc_deposit_goldeu_silbeoba(hangukgeumgeoraeso)_20260206.pdf,2,2199,1099,False,『골드·실버바(한국금거래소)』 상품설명서,『골드·실버바(한국금거래소)』 상품설명서,0,0,0,3,flat,,,
desc,hana_desc_deposit_goldeuba(hangukjopyegongsa)_20250121.pdf,2,2083,1041,False,『골드바(한국조폐공사)』 상품설명서,『골드바(한국조폐공사)』 상품설명서,0,0,0,3,flat,,,
desc,hana_desc_deposit_hana_billieondalleo_tongjang_20250901.pdf,4,4988,1247,False,『하나 빌리언달러 통장』 요약 상품설명서,『하나 빌리언달러 통장』 요약 상품설명서,0,0,0,19,flat,,,
desc,hana_desc_deposit_hana_bojeungseodambodaechul_ipgeumjeonyonggyejwa_20250901.pdf,3,3767,1255,False,『하나보증서담보대출입금전용계좌』상품설명서,『하나 보증서담보대출 입금전용계좌』상품설명서,1,4,0,4,flat,,,
desc,hana_desc_deposit_hana_bugagachise_maeipja_napbujeonyonggyejwa_20250901.pdf,4,7544,1886,False,『하나 부가가치세 매입자 납부전용계좌』 요약 상품설명서,『하나 부가가치세 매입자 납부전용계좌』 요약 상품설명서,7,11,8,4,article,,,
desc,hana_desc_deposit_hanadeosoho_gamaengjeom_jeokgeum_20251217.pdf,4,5309,1327,False,『하나더소호가맹점적금』요약상품설명서,『하나더소호 가맹점 적금』 요약 상품설명서,2,4,0,12,flat,,,
desc,hana_desc_deposit_jutaekcheongyagyegeum_20260310.pdf,4,4631,1157,False,『주택청약예금』요약상품설명서,『주택청약예금』 요약 상품설명서,1,16,0,11,clause,,,
desc,hana_desc_deposit_jutaekcheongyakbugeum_20260310.pdf,4,4458,1114,False,『주택청약부금』요약상품설명서,『주택청약부금』 요약 상품설명서,1,15,0,9,clause,,,
desc,hana_desc_deposit_jutaekcheongyakjeochuk_20250101.pdf,4,5488,1372,False,『주택청약저축』요약상품설명서,『주택청약저축』 요약 상품설명서,3,30,0,6,clause,,,
desc,hana_desc_deposit_jutaekcheongyakjonghapjeochuk_20260630.pdf,6,6822,1137,False,『주택청약종합저축』요약상품설명서,『주택청약종합저축』 요약 상품설명서,3,33,2,9,clause,,,
desc,hana_desc_deposit_kupang_selleo_tongjang_20250901.pdf,5,14,2,True,,,0,0,0,6,scanned,,,
desc,hana_desc_deposit_narasarang_hanatongjang_20260701.pdf,4,5348,1337,False,『나라사랑하나통장』요약상품설명서,『나라사랑 하나통장』 요약 상품설명서,0,3,3,8,flat,,,
desc,hana_desc_deposit_saeopja_jugeorae_udaetongjang_20250901.pdf,2,3572,1786,False,『사업자 주거래 우대통장』 상품설명서,『사업자 주거래 우대통장』 상품설명서,1,4,6,4,numbered,,,
desc,hana_desc_derivatives_jangoepasaengsangpumseolmyeong(juui)daechuryeongyeijayulseuwap(gogaekgojeonggeumrijigeup)_20251208.pdf,8,12698,1587,False,장외파생상품설명서,장외파생상품설명서,2,2,0,3,flat,,,
desc,hana_desc_derivatives_jangoepasaengsangpumseolmyeongseo(gyeonggo)Forward_20251208.pdf,5,7720,1544,False,장외파생상품설명서,장외파생상품설명서,2,0,0,3,flat,,,
desc,hana_desc_derivatives_jangoepasaengsangpumseolmyeongseo(gyeonggo)FXseuwap_20251208.pdf,5,7659,1531,False,장외파생상품설명서,장외파생상품설명서,2,0,0,1,flat,,,
desc,hana_desc_derivatives_jangoepasaengsangpumseolmyeongseo(gyeonggo)NDF_20251208.pdf,5,7659,1531,False,장외파생상품설명서,장외파생상품설명서,2,0,0,1,flat,,,
desc,hana_desc_derivatives_jangoepasaengsangpumseolmyeongseo(gyeonggo)tonghwaseuwap(gogaegwonhwagojeongjigeup)_20251208.pdf,5,7954,1590,False,장외파생상품설명서,장외파생상품설명서,2,0,0,6,flat,,,
desc,hana_desc_derivatives_jangoepasaengsangpumseolmyeongseo(gyeonggo)tonghwaseuwap(gogaegwonhwagojeongsuchwi)_20251208.pdf,5,7952,1590,False,장외파생상품설명서,장외파생상품설명서,2,0,0,6,flat,,,
desc,hana_desc_derivatives_jangoepasaengsangpumseolmyeongseo(juui)ijayulseuwap(gogaekgojeonggeumrijigeup)_20251208.pdf,5,7570,1514,False,장외파생상품설명서,장외파생상품설명서,2,0,0,0,flat,,,
desc,hana_desc_derivatives_jangoepasaengsangpumseolmyeongseo(juui)ijayulseuwap(gogaekgojeonggeumrisuchwi)_20251208.pdf,5,7589,1517,False,장외파생상품설명서,장외파생상품설명서,2,0,0,0,flat,,,
desc,hana_desc_derivatives_jangoepasaengsangpumseolmyeongseo(wiheom)Enhanced_Forward(gogaekmaedo)_20251208.pdf,7,10402,1486,False,장외파생상품설명서,장외파생상품설명서,2,3,0,4,flat,,,
desc,hana_desc_derivatives_jangoepasaengsangpumseolmyeongseo(wiheom)Enhanced_Forward(gogaekmaesu)_20251208.pdf,7,10417,1488,False,장외파생상품설명서,장외파생상품설명서,2,3,0,4,flat,,,
desc,hana_desc_derivatives_jangoepasaengsangpumseolmyeongseo(wiheom)Range_Forward(gogaekmaedo)_20251208.pdf,7,10067,1438,False,장외파생상품설명서,장외파생상품설명서,2,0,0,3,flat,,,
desc,hana_desc_derivatives_jangoepasaengsangpumseolmyeongseo(wiheom)Range_Forward(gogaekmaesu)_20251208.pdf,7,10124,1446,False,장외파생상품설명서,장외파생상품설명서,2,0,0,3,flat,,,
desc,hana_desc_derivatives_jangoepasaengsangpumseolmyeongseo(wiheom)Target Redemption Forward(gogaekmaedo)_20251208.pdf,8,12514,1564,False,장외파생상품설명서,장외파생상품설명서,2,0,0,8,flat,,,
desc,hana_desc_derivatives_jangoepasaengsangpumseolmyeongseo(wiheom)Target Redemption Forward(gogaekmaesu)_20251208.pdf,8,12550,1568,False,장외파생상품설명서,장외파생상품설명서,2,0,0,8,flat,,,
desc,hana_desc_digital_banking_gieopjeonjageumyung_seobiseu_seolmyeongseo_20260219.pdf,2,3233,1616,False,『기업전자금융』 서비스 설명서,『기업전자금융』 서비스 설명서,0,0,10,7,numbered,,,
desc,hana_desc_digital_banking_gieopQRgyeolje_seobiseu_20260618.pdf,2,2005,1002,False,『기업QR결제 서비스』 설명서,『기업 QR 결제 서비스』 설명서,0,0,0,0,flat,,,
desc,hana_desc_digital_banking_haeoe_ATM_chulgeum_seobiseu_20260427.pdf,2,2482,1241,False,『해외 ATM 출금 서비스』 설명서,『해외 ATM 출금 서비스』 설명서,0,4,3,2,flat,,,
desc,hana_desc_digital_banking_hana_hap(maideiteo_seobiseu)_20260625.pdf,2,1590,795,False,『하나 합(마이데이터 서비스)』 설명서,『하나 합(마이데이터 서비스)』 설명서,0,0,0,1,flat,,,
desc,hana_desc_digital_banking_jehyusa_haeoe_ATM_chulgeum_seobiseu_20260427.pdf,2,2775,1387,False,『제휴사 해외 ATM 출금 서비스』 설명서,『제휴사 해외 ATM 출금 서비스』 설명서,0,8,4,3,flat,,,
desc,hana_desc_fx_easy-one_oehwasonggeumseobiseu_20260119.pdf,2,2096,1048,False,『easy-one 외화송금서비스』 상품설명서,『easy-one 외화송금서비스』 상품설명서,0,0,4,4,flat,,,
desc,hana_desc_fx_gaeinbaengking_hwanjeonjigap_seobiseu seolmyeongseo_20260313.pdf,2,2267,1133,False,『개인뱅킹 환전지갑 서비스 설명서』,『개인뱅킹 환전지갑 서비스 설명서』,0,0,4,2,flat,,,
desc,hana_desc_fx_gogaeksenteo_hwanjeonjigap_seobiseu_20260330.pdf,2,2135,1067,False,『고객센터 환전지갑 서비스 설명서』,『고객센터 환전지갑 서비스 설명서』,0,9,4,1,flat,,,
desc,hana_desc_fx_hana-weseuteonyunion_wollessonggeum_seobiseu_20250718.pdf,1,1545,1545,False,『하나-웨스턴유니온 월렛송금』 서비스 설명서,『하나-웨스턴유니온 월렛송금』 서비스 설명서,0,0,3,1,flat,,,
desc,hana_desc_fx_hanawonkyugieop_hwanjeonjigap_seobiseu_seolmyeongseo_20260227.pdf,1,1364,1364,False,『하나원큐기업 환전지갑 서비스 설명서』,『하나원큐기업 환전지갑 서비스 설명서』,0,0,2,1,flat,,,
desc,hana_desc_fx_hwanjeonjigap_mokpyohwanyul_jadonghwanjeon_seobiseu_20260511.pdf,4,3590,897,False,『환전지갑 목표환율 자동환전 서비스』 설명서,『환전지갑 목표환율 자동환전 서비스』 설명서,0,6,7,9,numbered,,,
desc,hana_desc_fx_hwanjeonjigap_seonmulhagi_seobiseu_20260511.pdf,3,2259,753,False,『환전지갑 선물하기 서비스』 설명서,『환전지갑 선물하기 서비스』 설명서,0,2,5,3,numbered,,,
desc,hana_desc_fx_jehyu_hwanjeonjigap_seobiseu_20260402.pdf,3,2351,783,False,『제휴 환전지갑 서비스 설명서』,『제휴 환전지갑 서비스 설명서』,0,10,4,2,clause,,,
desc,hana_desc_fx_Usance_songgeum_20251010.pdf,3,5,1,True,,,0,0,0,5,scanned,,,
desc,hana_desc_loan_bogeumjariron_20260514.pdf,13,21416,1647,False,보금자리론 설명서,보금자리론 설명서,13,26,26,10,article,,,
desc,hana_desc_loan_Ctsuikryulseolmyeongseo(yeosingeoraeyong)_20250321.pdf,6,10265,1710,False,CD수익률 설명서 (여신거래용),CD수익률 설명서 (여신거래용),16,32,22,6,article,,,
desc,hana_desc_loan_daechul_sangpumseolmyeongseo(gwonyuyong)_20250113.pdf,6,21937,3656,False,대출 상품설명서(권유용),(은행보관용) 대출 상품설명서(권유용),16,8,8,7,article,,,
desc,hana_desc_loan_easy-one_jutaekdosigigeumdaechul(gagyeyong)_20260101.pdf,2,7986,3993,False,주택도시기금대출(가계용) 상품설명서,주택도시기금대출(가계용) 상품설명서,7,2,8,4,article,,,
desc,hana_desc_loan_gagyedaechul_sangpumseolmyeongseo_20250113.pdf,24,39292,1637,False,가계대출 상품설명서,가계대출 상품설명서,26,40,0,31,article,,,
desc,hana_desc_loan_gagyedaechul_sangpumseolmyeongseo_[1Q(wonkyu) otoron]_20250113.pdf,24,39960,1665,False,가계대출 상품설명서,가계대출 상품설명서,26,40,4,32,article,,,
desc,hana_desc_loan_gieopdaechulsangpumseolmyeongseo_20250113.pdf,22,37020,1682,False,기업대출 상품설명서,기업대출 상품설명서,28,38,0,29,article,,,
desc,hana_desc_loan_jeonsejageumdaechul_sangpumseolmyeongseo_20250113.pdf,26,41874,1610,False,전세자금대출 상품설명서,전세자금대출 상품설명서,24,40,0,31,article,,,
desc,hana_desc_loan_jutaegyeongeum_sajeonyeyak_bogeumjariron_20260514.pdf,14,22266,1590,False,주택연금 사전예약 보금자리론 설명서,주택연금 사전예약 보금자리론 설명서,13,26,26,10,article,,,
desc,hana_desc_loan_jutaekdambodaechul_sangpumseolmyeongseo_20250113.pdf,26,41564,1598,False,주택담보대출 상품설명서,주택담보대출 상품설명서,24,38,0,33,article,,,
desc,hana_desc_loan_naejipmaryeon_didimdol_daechul_20260101.pdf,3,8398,2799,False,내집마련 디딤돌 대출 상품설명서,내집마련 디딤돌 대출 상품설명서,6,2,6,4,article,,,
desc,hana_desc_others_hana_hwasangsangdamdeseukeu_seobiseu_20260223.pdf,1,1275,1275,False,『하나 화상상담데스크』 서비스 설명서,『하나 화상상담데스크』 서비스 설명서,0,0,7,0,numbered,,,
desc,hana_desc_others_yegeum_tokeun_20250401.pdf,2,2720,1360,False,「예금 토큰」 설명서,「예금 토큰」 설명서,0,0,0,2,flat,2025-약관-025,,
desc,hana_desc_retirement_pension_gaeinhyeong_IRP_haeksimseolmyeongseo_20260213.pdf,5,9204,1840,False,개인형IRP 핵심설명서,개인형IRP 핵심설명서,2,10,5,13,clause,,,
desc,hana_desc_retirement_pension_hanaeunhaeng_dipolteuopsyeon_anjeonghyeong_poteupollio_20250901.pdf,8,15119,1889,False,『하나은행 디폴트옵션 안정형 포트폴리오』 상품설명서,『하나은행 디폴트옵션 안정형 포트폴리오』 상품설명서,2,0,20,12,numbered,,,
desc,hana_desc_retirement_pension_hanaeunhaeng_dipolteuopsyeon_anjeongtujahyeong_poteupollio_1_20260401.pdf,8,16325,2040,False,『하나은행 디폴트옵션 안정투자형 포트폴리오 1』 상품설명서,『하나은행 디폴트옵션 안정투자형 포트폴리오 1』 상품설명서,2,0,20,12,numbered,,,
desc,hana_desc_retirement_pension_hanaeunhaeng_dipolteuopsyeon_anjeongtujahyeong_poteupollio_2_20250901.pdf,8,16217,2027,False,『하나은행 디폴트옵션 안정투자형 포트폴리오 2』 상품설명서,『하나은행 디폴트옵션 안정투자형 포트폴리오 2』 상품설명서,2,0,20,12,numbered,,,
desc,hana_desc_retirement_pension_hanaeunhaeng_dipolteuopsyeon_anjeongtujahyeong_poteupollio_3_20260623.pdf,8,15667,1958,False,『하나은행 디폴트옵션 안정투자형 포트폴리오 3』 상품설명서,『하나은행 디폴트옵션 안정투자형 포트폴리오 3』 상품설명서,2,0,20,12,numbered,,,
desc,hana_desc_retirement_pension_hanaeunhaeng_dipolteuopsyeon_jeokgeuktujahyeong_poteupollio_1_20260527.pdf,8,15333,1916,False,『하나은행 디폴트옵션 적극투자형 포트폴리오 1』 상품설명서,『하나은행 디폴트옵션 적극투자형 포트폴리오 1』 상품설명서,2,0,20,12,numbered,,,
desc,hana_desc_retirement_pension_hanaeunhaeng_dipolteuopsyeon_jungriptujahyeong_poteupollio_1_20260401.pdf,8,16215,2026,False,『하나은행 디폴트옵션 중립투자형 포트폴리오 1』 상품설명서,『하나은행 디폴트옵션 중립투자형 포트폴리오 1』 상품설명서,2,0,20,12,numbered,,,
desc,hana_desc_retirement_pension_hanaeunhaeng_dipolteuopsyeon_jungriptujahyeong_poteupollio_2_20250901.pdf,8,16303,2037,False,『하나은행 디폴트옵션 중립투자형 포트폴리오 2』 상품설명서,『하나은행 디폴트옵션 중립투자형 포트폴리오 2』 상품설명서,2,0,20,12,numbered,,,
desc,hana_desc_retirement_pension_hanaeunhaeng_dipolteuopsyeon_jungriptujahyeong_poteupollio_3_20250901.pdf,8,16185,2023,False,『하나은행 디폴트옵션 중립투자형 포트폴리오 3』 상품설명서,『하나은행 디폴트옵션 중립투자형 포트폴리오 3』 상품설명서,2,0,20,12,numbered,,,
desc,hana_desc_retirement_pension_toejigyeongeum_iyulbojeunghyeongboheom _20250901.pdf,2,4733,2366,False,퇴직연금 이율보증형보험 상품설명서(핵심/요약),퇴직연금 이율보증형보험 상품설명서(핵심/요약),6,0,6,6,article,,,
desc,hana_desc_trust_isa_hana_irimhyeongISA AI_choegowiheom_20260521.pdf,4,7695,1923,False,하나은행ISA 모델포트폴리오설명서(AI 최고위험),하나은행 ISA 모델포트폴리오 설명서 (AI 최고위험),2,24,0,10,clause,,,
desc,hana_desc_trust_isa_hana_irimhyeongISA AI_gowiheom_20260521.pdf,4,7703,1925,False,하나은행ISA 모델포트폴리오설명서(AI 고위험),하나은행 ISA 모델포트폴리오 설명서 (AI 고위험),2,24,0,10,clause,,,
desc,hana_desc_trust_isa_hana_irimhyeongISA AI_jeowiheom_20260615.pdf,4,7729,1932,False,하나은행ISA 모델포트폴리오설명서(AI 저위험),하나은행 ISA 모델포트폴리오 설명서 (AI 저위험),2,24,0,10,clause,,,
desc,hana_desc_trust_isa_hana_irimhyeongISA AI_jungwiheom_20260521.pdf,4,7700,1925,False,하나은행ISA 모델포트폴리오설명서(AI 중위험),하나은행 ISA 모델포트폴리오 설명서 (AI 중위험),2,24,0,10,clause,,,
desc,hana_desc_trust_isa_hana_irimhyeongISA jeowiheom_pokeoseu_20260615.pdf,4,7497,1874,False,하나은행ISA 모델포트폴리오설명서(저위험_포커스),하나은행 ISA 모델포트폴리오 설명서 (저위험_포커스),2,25,0,10,clause,,,
desc,hana_desc_trust_isa_hana_irimhyeongISA_choegowiheom_baelleonseu_20260615.pdf,4,7430,1857,False,하나은행ISA 모델포트폴리오설명서(최고위험_밸런스),하나은행 ISA 모델포트폴리오 설명서 (최고위험_밸런스),2,25,0,10,clause,,,
desc,hana_desc_trust_isa_hana_irimhyeongISA_choejeowiheom_20260413.pdf,4,7407,1851,False,하나은행ISA 모델포트폴리오설명서(최저위험),하나은행 ISA 모델포트폴리오 설명서 (최저위험),2,25,0,10,clause,,,
desc,hana_desc_trust_isa_hana_irimhyeongISA_gowiheom_baelleonseu_20260615.pdf,4,7458,1864,False,하나은행ISA 모델포트폴리오설명서(고위험_밸런스),하나은행 ISA 모델포트폴리오 설명서 (고위험_밸런스),2,25,0,10,clause,,,
desc,hana_desc_trust_isa_hana_irimhyeongISA_gowiheom_pokeoseu_20260615.pdf,4,7456,1864,False,하나은행ISA 모델포트폴리오설명서(고위험_포커스),하나은행 ISA 모델포트폴리오 설명서 (고위험_포커스),2,25,0,10,clause,,,
desc,hana_desc_trust_isa_hana_irimhyeongISA_jeowiheom_baelleonseu_20260615.pdf,4,7463,1865,False,하나은행ISA 모델포트폴리오설명서(저위험_밸런스),하나은행 ISA 모델포트폴리오 설명서 (저위험_밸런스),2,25,0,10,clause,,,
desc,hana_desc_trust_isa_hana_irimhyeongISA_jungwiheom_baelleonseu_20260615.pdf,4,7448,1862,False,하나은행ISA 모델포트폴리오설명서(중위험_밸런스),하나은행 ISA 모델포트폴리오 설명서 (중위험_밸런스),2,25,0,10,clause,,,
desc,hana_desc_trust_isa_hana_irimhyeongISA_jungwiheom_pokeoseu_20260615.pdf,4,7447,1861,False,하나은행ISA 모델포트폴리오설명서(중위험_포커스),하나은행 ISA 모델포트폴리오 설명서 (중위험_포커스),2,25,0,10,clause,,,
desc,hana_desc_trust_isa_irimhyeong_gaeinjonghapjasangwanrigyejwa(ISA)_gyeyakgwonyumunseo_20260529.pdf,4,16902,4225,False,일임형 개인종합자산관리계좌(ISA) 계약권유문서,투자설명서 검토 및 확인 라. 투 자자의 요청으로 포트폴리오의 내용이 변경되는 경우 제2호의 기준을 적,35,44,67,5,article,,,
terms,hana_terms_deposit_ipchulgeumi_jayuroun_yegeumyakgwan_20240329.pdf,4,4415,1103,False,입출금이 자유로운 예금약관,입출금이 자유로운 예금약관,22,39,14,0,article,2024-약관-017,2024-02-27,
terms,hana_terms_deposit_yegeumgeorae_gibonyakgwan_20250226.pdf,9,10402,1155,False,제2조 실명거래,예금거래 기본약관,36,64,15,2,article,2024-약관-153,2024-12-24,
terms,hana_terms_digital_banking_jeonjageumyunggeorae_gibonyakgwan_20201210.pdf,12,15083,1256,False,전자금융거래 기본약관,전자금융거래 기본약관,79,78,89,0,article,2020-약관-209,,
terms,hana_terms_digital_banking_maideiteoseobiseu_iyongyakgwan_20260625.pdf,8,7692,961,False,마이데이터서비스 이용약관,마이데이터서비스 이용약관,31,37,43,0,article,2026-약관-049,2026-05-19,
terms,hana_terms_loan_chugayakjeongseo('modu_da_hana_otoron'_geumrigammyeonyong)_20260529.pdf,3,3135,1045,False,추가약정서,추가약정서,0,0,5,4,numbered,2026-약관-32,2026-04-06,
terms,hana_terms_loan_chugayakjeongseo(gagyedaechul_geumrigammyeonyong)_20260630.pdf,3,4588,1529,False,추가약정서(가계대출 금리감면용),추가약정서(가계대출 금리감면용),0,0,10,6,numbered,2026-약관-043,2026-04-23,
terms,hana_terms_loan_chugayakjeongseo(haengbogyeongeumdaechul_hanawonkyuyeongeumdaechul_geumrigammyeonyong)_20210325.pdf,1,919,919,False,추가약정서,추가약정서,0,0,0,2,flat,2021-약관-135,2021-03-23,
terms,hana_terms_loan_chugayakjeongseo(hanawonkyu_saisdoldaechul_geumrigammyeonyong)_20210325.pdf,1,592,592,False,추가약정서,추가약정서,0,0,0,1,flat,2021-약관-134,2021-03-23,
terms,hana_terms_loan_chugayakjeongseo(jeonjabangsik_oesangmaechulchaegwondambodaechul-maechulchaegwonboheom_geumrigammyeonyong)_20210917.pdf,1,1151,1151,False,추가약정서,추가약정서,5,0,6,3,article,2021-약관-286,2021-03-23,
terms,hana_terms_loan_chugayakjeongseo(mobail_jeonyong_gagyedaechul_geumrigammyeonyong)_20210325.pdf,1,948,948,False,추가약정서,추가약정서,0,0,0,1,flat,2021-약관-136,2021-03-23,
terms,hana_terms_loan_daechulgeoraechugayakjeongseo(gagyeyong)_20230228.pdf,8,21667,2708,False,대출거래( )추가약정서,대출거래( )추가약정서,85,91,47,17,article,,,
terms,hana_terms_loan_daechulgeoraechugayakjeongseo(guibyongdo_bogeumjarirone_daehan_jeonibuimu_yuye_chugayakjeongyong)_20260417.pdf,1,1316,1316,False,대 출 거 래 추 가 약 정 서,래 부속약관 및 이 약정서의 사본을 교부하여야 합니다.,6,2,1,1,article,,,
terms,hana_terms_loan_daechulgeoraechugayakjeongseo(sudogwon_gyujejiyeok_sojae_apateue_daehan_jeonibuimu_chugayakjeongyong)_20260417.pdf,1,1403,1403,False,대 출 거 래 추 가 약 정 서,래 부속약관 및 이 약정서의 사본을 교부하여야 합니다.,6,2,1,1,article,,,
terms,hana_terms_loan_daechulgeoraechugayakjeongseo_20210617.pdf,1,121,121,False,이 계약서는 법령 및 내부통제기준에 따른 절차를 거쳐 제공됩니다.,,0,0,0,1,flat,2021-약관-333,2021-03-23,
terms,hana_terms_loan_daechulgeoraeyakjeongseo(gagyeyong)_20210325.pdf,10,26131,2613,False,대출거래약정서(가계용),대출거래약정서(가계용),97,105,49,37,article,2021-약관-162,2021-03-23,
terms,hana_terms_loan_daechulgeoraeyakjeongseo(hangukjutaekgeumyunggongsa_chaegwonyudonghwamokjeok_bogeumjarironyong)_20260511.pdf,3,11144,3714,False,대출거래약정서,대출거래약정서 담 당 책 임 자 관 리 자 부 점 장,50,15,29,18,article,,,
terms,hana_terms_loan_daechulgeoraeyakjeongseo(hangukjutaekgeumyunggongsa_chaegwonyudonghwamokjeok_bogeumjarironyong-yeongyehyeong)_20230602.pdf,3,10240,3413,False,수 입대 출 거 래 약 정 서,※ 은행은 본인에게 이 대출거래약정서(이하“약정서”)상의 중요한 내용을 설명하여야,49,20,27,17,article,,,
terms,hana_terms_loan_daechulgeoraeyakjeongseo(hangukjutaekgeumyunggongsa_chaegwonyudonghwamokjeok_bogeumjarironyong–deonaeun_bogeumjariron)_20180531.pdf,2,7395,3697,False,대출거래약정서,대출거래약정서,30,9,14,13,article,,,
terms,hana_terms_loan_daechulgeoraeyakjeongseo(jutaekdambonohuyeongeumdaechuryong)_20241230.pdf,5,8877,1775,False,대출거래약정서,대출거래약정서 (주택담보노후연금대출용),41,29,42,8,article,2024-약관-144,2024-12-17,
terms,hana_terms_loan_daechulgeoraeyakjeongseo(jutaekdosigigeumdaechul)_20260622.pdf,4,12089,3022,False,대출거래약정서,대출거래약정서,32,38,20,12,article,2026-약관-061,2026-06-15,
terms,hana_terms_loan_eunhaengyeosingeoraegibonyakgwan(gagyeyong)_20241017.pdf,6,12283,2047,False,(cid:11)(cid:1096)(cid:1167)(cid:2580)(cid:12),,47,56,28,0,article,2024-약관-118,,
terms,hana_terms_loan_eunhaengyeosingeoraegibonyakgwan(gieobyong)_20241017.pdf,6,15567,2594,False,3-06-1030(6-1) (2024.10 개정),,64,77,42,0,article,2024-약관-117,,
terms,hana_terms_loan_jutaekdosigigeum_naejipmaryeon_didimdol_daechulgeoraeyakjeongseo_20260622.pdf,3,10468,3489,False,주택도시기금 내집마련 디딤돌 대출거래약정서,주택도시기금 내집마련 디딤돌 대출거래약정서,46,24,16,17,article,2026-약관-060,2026-06-15,
terms,hana_terms_loan_yeosingeoraechugayakjeongseo(geumaekbyeongyeong_gihanyeonjang_geumribyeongyeong_jogeonbyeongyeongyong)_20230228.pdf,3,4187,1395,False,여신거래추가약정서,여신거래추가약정서,15,14,5,7,article,,,
terms,hana_terms_loan_yeosingeoraechugayakjeongseo(handoyakjeongsusuryo_yakjeongyong)_20210325.pdf,6,8918,1486,False,여신거래약정서,여신거래약정서(단기금융용),25,31,38,8,article,2021-약관-174,2021-03-23,
terms,hana_terms_loan_yeosingeoraechugayakjeongseo(sosanggongin_jeogeumridaehwandaechuryong)_20240318.pdf,1,1605,1605,False,여신거래 추가약정서,여신거래 추가약정서,5,0,8,3,article,2024-약관-016,2024-02-22,
terms,hana_terms_loan_yeosingeoraeyakjeongseo(dangigeumyungyong)_20210325.pdf,6,8918,1486,False,여신거래약정서,여신거래약정서(단기금융용),25,31,38,8,article,2021-약관-174,2021-03-23,
terms,hana_terms_loan_yeosingeoraeyakjeongseo(gieobyong)_20260630.pdf,4,11471,2867,False,여신거래약정서(기업용),여신거래약정서(기업용),43,50,40,7,article,2026-약관-058,,
